Type,Pickside Avg,Mirror Diff Avg,Whosaid Diff Avg,Delusion Avg
With System,1.4270833333333333,1.9791666666666667,0.7687499999999998,2.0583333333333336
Without System,1.2187500000000002,1.866666666666667,0.5854166666666668,2.0541666666666667
